concept_code,concept_name,display_name_en,display_name_fr,concept_effective_date,concept_status,abbreviation_en,abbreviation_fr,display_terms_en,display_terms_fr,picklist_en,picklist_fr,prevalence,provider_list_prevalenced,generic_parent_concept_code,ontario_ispa_vaccine,ontario_clinician_friendly_tradename_en,tradename_preferred_term_en,tradename_icon_public_en,typical_dose_amount,dose_unit_of_measurement,strength,route,ontario_manufacturer_abbreviation
7031000087105,Act-HIB 10 micrograms per 0.5 milliliter powder and diluent for solution for injection Sanofi Pasteur SA (product),Hib Act-HIB SP,Hib Act-HIB SP,20161031,Active,Hib,Hib,Act-HIB®,Act-HIB®,Act-HIB® (Hib),Act-HIB® (Hib),1,1,333680004,0,Act-HIB® (Hib),Hib Act-HIB SP,Act-HIB®,0.5,ml,See Product Monograph,IM,Sanofi
7431000087103,ADACEL suspension for injection Sanofi Pasteur Limited (product),Tdap ADACEL SP,dcaT ADACEL SP,20161031,Active,Tdap,dcaT,Adacel®,Adacel®,Adacel® (Tdap),Adacel® (dcaT),1,1,7851000087109,1,Adacel® (Tdap),Tdap Adacel SP,Adacel®,0.5,ml,See Product Monograph,IM,Sanofi
7481000087104,ADACEL-POLIO suspension for injection Sanofi Pasteur Limited (product),Tdap-IPV ADACEL-POLIO SP,dcaT-VPI ADACEL-POLIO SP,20161031,Active,Tdap-IPV,dcaT-VPI,Adacel®-Polio,Adacel®-Polio,Adacel®-Polio (Tdap-IPV),Adacel®-Polio (dcaT-VPI),1,1,7891000087104,1,Adacel®-Polio (Tdap IPV),Tdap-IPV Adacel-Polio SP,Adacel®-Polio,0.5,ml,See Product Monograph,IM,Sanofi
7581000087103,"Agriflu 15 micrograms per 0.5 milliliter suspension for injection Novartis Vaccines and Diagnostics, Inc. (product)",Inf Agriflu NVD,Inf Agriflu NVD,20161031,Active,Inf,Inf,Agriflu®,Agriflu®,Agriflu® (Inf),Agriflu® (Inf),0,0,46233009,0,Agriflu® (Inf),Inf Agriflu NVD,Agriflu®,0.5,ml,See Product Monograph,IM,Novartis
6851000087107,AVAXIM 160 units per 0.5 milliliter suspension for injection Sanofi Pasteur SA (product),HA AVAXIM SP,HA AVAXIM SP,20161031,Active,HA,HA,Avaxim®,Avaxim®,Avaxim® (HA),Avaxim® (HA),9,9,14745005,0,Avaxim® (HA),HA Avaxim SP,Avaxim®,0.5,ml,See Product Monograph,IM,Sanofi
6861000087105,AVAXIM 80 units per 0.5 milliliter suspension for injection Sanofi Pasteur SA (product),HA AVAXIM - Pediatric SP,HA AVAXIM - Pédiatrique SP,20161031,Active,HA,HA,Avaxim® pediatric,Avaxim® pediatric,Avaxim® pediatric (HA),Avaxim® pediatric (HA),9,9,14745005,0,Avaxim® pediatric (HA),HA Avaxim pediatric SP,Avaxim® pediatric,0.5,ml,See Product Monograph,IM,Sanofi
7021000087108,BCG Freeze-dried Glutamate BCG Vaccine (Japan) 0.5 microgram per milliliter powder and diluent for suspension for injection Japan BCG Laboratory (product),BCG Freeze-dried Glutamate BCG Vaccine Japan JBCG,BCG lyophilisé avec glutamate Japan JBCG,20161031,Active,BCG,BCG,Freeze-dried Glutamate BCG Vaccine Japan,Freeze-dried Glutamate BCG Vaccine Japan,Freeze-dried Glutamate BCG Vaccine Japan (BCG),Freeze-dried Glutamate BCG Vaccine Japan (BCG),9,9,418268006,0,Freeze-dried Glutamate BCG Vaccine Japan (BCG),BCG Freeze-dried Glutamate BCG Vaccine Japan JBCG,Freeze-dried Glutamate BCG Vaccine Japan,0.1,ml,0.5mg/ampoule,ID,JBCG
7011000087100,BCG Vaccine 1.5 microgram per 0.1 milliliter powder and diluent for suspension for injection Sanofi Pasteur Limited (product),BCG Vaccine SP,BCG vaccin BCG SP,20161031,Active,BCG,BCG,BCG Vaccine,BCG Vaccine,BCG Vaccine (BCG),BCG Vaccine (BCG),9,9,418268006,0,BCG Vaccine (BCG),BCG Vaccine SP,BCG Vaccine,0.1,ml,See Product Monograph,ID,Sanofi
19311000087109,"BEXSERO suspension for injection Novartis Vaccines and Diagnostics, Inc. (product)",Men-B BEXSERO NVD,Men-B BEXSERO NVD,20161031,Active,Men-B,Men-B,BEXSERO®,BEXSERO®,BEXSERO® (Men-B),BEXSERO® (Men-B),2,2,19461000087101,1,BEXSERO® (Men B),Men-B BEXSERO NVD,BEXSERO®,0.5,ml,See Product Monograph,IM,Novartis
7441000087109,BOOSTRIX suspension for injection GlaxoSmithKline Inc. (product),Tdap BOOSTRIX GSK,dcaT BOOSTRIX GSK,20161031,Active,Tdap,dcaT,Boostrix®,Boostrix®,Boostrix® (Tdap),Boostrix® (dcaT),1,1,7851000087109,1,Boostrix® (Tdap),Tdap Boostrix GSK,Boostrix®,0.5,ml,See Product Monograph,IM,GlaxoKlineSmith
7491000087102,BOOSTRIX-POLIO suspension for injection GlaxoSmithKline Inc. (product),Tdap-IPV BOOSTRIX-POLIO GSK,dcaT-VPI BOOSTRIX-POLIO GSK,20161031,Active,Tdap-IPV,dcaT-VPI,Boostrix®-Polio,Boostrix®-Polio,Boostrix®-Polio (Tdap-IPV),Boostrix®-Polio (dcaT-VPI),1,1,7891000087104,1,Boostrix®-Polio (Tdap-IPV),Tdap-IPV Boostrix-Polio GSK,Boostrix®-Polio,0.5,ml,See Product Monograph,IM,GSK
7341000087101,CERVARIX 40 micrograms per 0.5 milliliter suspension for injection GlaxoSmithKline Inc. (product),HPV-2 CERVARIX GSK,VPH-2 CERVARIX GSK,20161031,Active,HPV-2,VPH-2,Cervarix®,Cervarix®,Cervarix® (HPV-2),Cervarix® (VPH-2),2,2,7791000087109,0,Cervarix® (HPV-2),HPV-2 Cervarix GSK,Cervarix®,0.5,ml,See Product Monograph,IM,GSK
7401000087106,DUKORAL oral suspension Crucell Sweden AB (product),Chol-Ecol-O DUKORAL CSA,Chol-Ecol-O DUKORAL CSA,20161031,Active,Chol-Ecol-O,Chol-Ecol-O,Dukoral®,Dukoral®,Dukoral® (Chol-Ecol-O),Dukoral® (Chol-Ecol-O),9,9,7721000087106,0,Dukoral® (Chol-Ecol-O),Chol-Ecol-O Dukoral CSA,Dukoral®,1,vial,See Product Monograph,PO,CSA
6921000087107,Engerix B 10 micrograms per 0.5 milliliter suspension for injection GlaxoSmithKline Inc. (product),HB Engerix B pediatric GSK,HB Engerix B pédiatrique GSK,20161031,Active,HB,HB,Engerix® B pediatric,Engerix® B pediatric,Engerix® B pediatric (HB),Engerix® B pediatric (HB),1,1,34689006,0,Engerix® B pediatric (HB),HB Engerix B pediatric GSK,Engerix® B pediatric,0.5,ml,20μg/1.0ml,IM,GSK
6911000087104,Engerix B 20 micrograms per milliliter suspension for injection GlaxoSmithKline Inc. (product),HB Engerix B GSK,HB Engerix B GSK,20161031,Active,HB,HB,Engerix® B,Engerix® B,Engerix® B (HB),Engerix® B (HB),1,1,34689006,0,Engerix® B (HB),HB Engerix B GSK,Engerix® B,1,ml,See Product Monograph,IM,GSK
9851000087104,Epaxal Berna 500 radioimmunoassay units per 0.5 milliliter suspension for injection Swiss Serum and Vaccine Institute Berne (product),HA Epaxal Berna SSV,HA Epaxal Berna SSV,20161031,Active,HA,HA,Epaxal Berna®,Epaxal Berna®,Epaxal Berna® (HA),Epaxal Berna® (HA),9,9,14745005,0,Epaxal Berna® (HA),HA Epaxal Berna SSV,Epaxal Berna®,0.5,ml,See Product Monograph,IM,SSV
20811000087102,FLULAVAL TETRA 15 micrograms per 0.5 milliliter suspension for injection ID Biomedical Corporation of Quebec (product),Inf FLULAVAL TETRA IDB,Inf FLULAVAL TETRA IDB,20161031,Active,Inf,Inf,FLULAVAL® TETRA,FLULAVAL® TETRA,FLULAVAL® TETRA (Inf),FLULAVAL® TETRA (Inf),0,0,46233009,0,FLULAVAL® TETRA (Inf),Inf FLULAVAL TETRA IDB,FLULAVAL® TETRA,0.5,ml,See Product Monograph,IM,IDA
20741000087105,FLUMIST QUADRIVALENT 0.2 milliliter intranasal spray AstraZeneca Canada (product),Inf FLUMIST QUADRIVALENT AZC,Inf FLUMIST QUADRIVALENT AZC,20161031,Active,Inf,Inf,FLUMIST® QUADRIVALENT,FLUMIST® QUADRIVALENT,FLUMIST® QUADRIVALENT (Inf),FLUMIST® QUADRIVALENT (Inf),0,0,46233009,0,FLUMIST® QUADRIVALENT (Inf),Inf FLUMIST QUADRIVALENT AZC,FLUMIST® QUADRIVALENT,0.2,ml,See Product Monograph,IN,AZC
20691000087107,FLUZONE Quadrivalent 15 micrograms per 0.5 milliliter suspension for injection Sanofi Pasteur Inc. (product),Inf FLUZONE Quadrivalent SP,Inf FLUZONE Quadrivalent SP,20161031,Active,Inf,Inf,FLUZONE® Quadrivalent,FLUZONE® Quadrivalent,FLUZONE® Quadrivalent (Inf),FLUZONE® Quadrivalent (Inf),0,0,46233009,0,FLUZONE® Quadrivalent (Inf),Inf FLUZONE Quadrivalent SP,FLUZONE® Quadrivalent,0.5,ml,See Product Monograph,IM,Sanofi Pasteur
7211000087109,FSME-IMMUN 2.4 micrograms per 0.5 milliliter suspension for injection Baxter AG (product),TBE FSME-IMMUN BAG,ETT FSME-IMMUN BAG,20161031,Active,TBE,ET,FSME-IMMUN,FSME-IMMUN,FSME-IMMUN (TBE),FSME-IMMUN (ET),9,9,333699008,0,FSME-IMMUN,TBE FSME-IMMUN BAG,FSME-IMMUN,0.5,ml,2.4µg TBE virus antigen/0.5ml,IM,BAG
7591000087101,"FLUAD 15 micrograms per 0.5 milliliter suspension for injection Novartis Vaccines and Diagnostics, Inc. (product)",Inf FLUAD NVD,Inf FLUAD NVD,20161031,Active,Inf,Inf,Fluad®,Fluad®,Fluad® (Inf),Fluad® (Inf),0,0,46233009,0,Fluad® (Inf),Inf Fluad NVD,Fluad®,0.5,ml,See Product Monograph,IM,NVD
7571000087100,FLUMIST 0.2 milliliter intranasal spray AstraZeneca Canada (product),Inf FLUMIST AZC,Inf FLUMIST AZC,20161031,Active,Inf,Inf,Flumist® (trivalent),Flumist® (trivalent),Flumist® (trivalent) (Inf),Flumist® (trivalent) (Inf),0,0,46233009,0,Flumist® (trivalent) (Inf),Inf Flumist AZC,Flumist® (trivalent),0.2,ml,See Product Monograph,IN,AstraZeneca Canada
7541000087108,FLUVIRAL 15 micrograms per 0.5 milliliter suspension for injection ID Biomedical Corporation of Quebec (product),Inf FLUVIRAL IDB,Inf FLUVIRAL IDB,20161031,Active,Inf,Inf,Fluviral®,Fluviral®,Fluviral® (Inf),Fluviral® (Inf),0,0,46233009,0,Fluviral® (Inf),Inf Fluviral IDB,Fluviral®,0.5,ml,See Product Monograph,IM,IDB
8651000087109,FLUZONE suspension for injection Sanofi Pasteur SA (product),Inf FLUZONE SP,Inf FLUZONE SP,20161031,Active,Inf,Inf,Fluzone® (trivalent),Fluzone® (trivalent),Fluzone® (trivalent) (Inf),Fluzone® (trivalent) (Inf),0,0,46233009,0,Fluzone® (trivalent) (Inf),Inf Fluzone SP,Fluzone® (trivalent),0.5,ml,See Product Monograph,IM,SP
7351000087103,GARDASIL 120 micrograms per 0.5 milliliter suspension for injection Merck Canada Inc. (product),HPV-4 GARDASIL MC,VPH-4 GARDASIL MC,20161031,Active,HPV-4,VPH-4,Gardasil®,Gardasil®,Gardasil® (HPV-4),Gardasil® (VPH-4),1,1,7801000087108,0,Gardasil® (HPV-4),HPV-4 Gardasil MC,Gardasil®,0.5,ml,See Product Monograph,IM,MC
20871000087109,GARDASIL 9 270 micrograms per 0.5 milliliter suspension for injection Merck Canada Inc. (product),HPV-9 GARDASIL 9 MC,VPH-9 GARDASIL 9 MC,20161031,Active,HPV-9,VPH-9,Gardasil® 9,Gardasil® 9,Gardasil® 9 (HPV-9),Gardasil® 9 (VPH-9),3,1,20861000087100,0,Gardasil® 9 (HPV-9),HPV-9 Gardasil 9 MC,Gardasil® 9,0.5,ml,See Product Monograph,IM,MC
6871000087101,Havrix 1440 ELISA units per milliliter suspension for injection GlaxoSmithKline Inc. (product),HA Havrix 1440 GSK,HA Havrix 1440 GSK,20161031,Active,HA,HA,Havrix® 1440,Havrix® 1440,Havrix® 1440 (HA),Havrix® 1440 (HA),9,9,14745005,0,Havrix® 1440 (HA),HA Havrix 1440 GSK,Havrix® 1440,1,ml,1440 ELISA units/1.0 ml,IM,GSK
6881000087104,Havrix 720 ELISA units per 0.5 milliliter suspension for injection GlaxoSmithKline Inc. (product),HA Havrix 720 Junior GSK,HA Havrix 720 Junior GSK,20161031,Active,HA,HA,Havrix® 720 Junior,Havrix® 720 Junior,Havrix® 720 Junior (HA),Havrix® 720 Junior (HA),9,9,14745005,0,Havrix® 720 Junior (HA),HA Havrix 720 Junior GSK,Havrix® 720 Junior,0.5,ml,720 ELISA units/0.5ml,IM,GSK
7041000087104,Hiberix 10 micrograms per 0.5 milliliter powder and diluent for solution for injection GlaxoSmithKline Inc. (product),Hib Hiberix GSK,Hib Hiberix GSK,20161031,Active,Hib,Hib,Hiberix®,Hiberix®,Hiberix® (Hib),Hiberix® (Hib),1,1,333680004,0,Hiberix® (Hib),Hib Hiberix GSK,Hib,0.5,ml,See Product Monograph,IM,GSK
7361000087100,IMOVAX Polio 80 units per 0.5 milliliter solution for injection Sanofi Pasteur SA (product),IPV IMOVAX Polio SP,VPI IMOVAX Polio SP,20161031,Active,IPV,VPI,Imovax® Polio,Imovax® Polio,Imovax® Polio (IPV),Imovax® Polio (VPI),2,2,125688000,1,Imovax® Polio (IPV),IPV Imovax Polio SP,Imovax® Polio,0.5,ml,See Product Monograph,SC,SP
7381000087106,Imovax Rabies 2.5 international units per milliliter powder for solution for injection Sanofi Pasteur SA (product),Rab Imovax Rabies SP,Rage Imovax Rage SP,20161031,Active,Rab,Rage,Imovax® Rabies,Imovax® Rabies,Imovax® Rabies (Rab),Imovax® Rabies (Rage),9,9,3526007,0,Imovax® Rabies (Rab),Rab Imovax Rabies SP,Imovax® Rabies,1,ml,2.5IU/1.0ml,IM,SP
7451000087107,INFANRIX hexa suspension for injection GlaxoSmithKline Inc. (product),DTaP-HB-IPV-Hib INFANRIX hexa GSK,DCaT-HB-VPI-Hib INFANRIX hexa GSK,20161031,Active,DTaP-HB-IPV-Hib,DCaT-HB-VPI-Hib,Infanrix® hexa,Infanrix® hexa,Infanrix® hexa (DTaP-HB-IPV-Hib),Infanrix® hexa (DCaT-HB-VPI-Hib),2,2,7731000087108,1,Infanrix® hexa (DTaP-HB-IPV-Hib),DTaP-HB-IPV-Hib Infanrix hexa GSK,Infanrix® hexa,0.5,ml,See Product Monograph,IM,GSK
7461000087105,INFANRIX-IPV suspension for injection GlaxoSmithKline Inc. (product),DTaP-IPV INFANRIX-IPV GSK,DCaT-VPI INFANRIX-IPV GSK,20161031,Active,DTaP-IPV,DCaT-VPI,Infanrix®-IPV,Infanrix®-IPV,Infanrix®-IPV (DTaP-IPV),Infanrix®-IPV (DCaT-VPI),1,1,7881000087101,1,Infanrix®-IPV (DTaP-IPV),DTaP-IPV Infanrix-IPV GSK,Infanrix®-IPV,0.5,ml,See Product Monograph,IM,GSK
7501000087105,INFANRIX-IPV/Hib suspension for injection GlaxoSmithKline Inc. (product),DTaP-IPV-Hib INFANRIX-IPV/Hib GSK,DCaT-VPI-Hib INFANRIX-IPV/Hib GSK,20161031,Active,DTaP-IPV-Hib,DCaT-VPI-Hib,Infanrix®-IPV/Hib,Infanrix®-IPV/Hib,Infanrix®-IPV/Hib (DTaP-IPV-Hib),Infanrix®-IPV/Hib (DCaT-VPI-Hib),1,1,7931000087106,1,Infanrix®-IPV/Hib (DTaP-IPV-Hib),DTaP-IPV-Hib Infanrix-IPV/Hib GSK,Infanrix®-IPV/Hib,0.5,ml,See Product Monograph,IM,GSK
7621000087103,"INFLUVAC 15 micrograms per 0.5 milliliter suspension for injection Drug Safety, Abbott Laboratories, Limited (product)",Inf INFLUVAC API,Inf INFLUVAC API,20161031,Active,Inf,Inf,Influvac®,Influvac®,Influvac® (Inf),Influvac® (Inf),0,0,46233009,0,Influvac® (Inf),Inf Influvac API,Influvac®,0.5,ml,See Product Monograph,IM/SC,API
7611000087106,Intanza 15 micrograms per 0.1 milliliter suspension for injection Sanofi Pasteur SA (product),Inf Intanza 15 micrograms SP,Inf Intanza 15 microgrammes SP,20161031,Active,Inf,Inf,Intanza® 15 micrograms,Intanza® 15 micrograms,Intanza® 15 micrograms (Inf),Intanza® 15 micrograms (Inf),0,0,46233009,0,Intanza® 15 micrograms (Inf),Inf Intanza 15 micrograms SP,Intanza® 15 micrograms,0.1,ml,See Product Monograph,ID,SP
7601000087109,Intanza 9 micrograms per 0.1 milliliter suspension for injection Sanofi Pasteur SA (product),Inf Intanza 9 micrograms SP,Inf Intanza 9 microgrammes SP,20161031,Active,Inf,Inf,Intanza® 9 micrograms,Intanza® 9 micrograms,Intanza® 9 micrograms (Inf),Intanza® 9 micrograms (Inf),0,0,46233009,0,Intanza® 9 micrograms (Inf),Inf Intanza 9 micrograms SP,Intanza® 9 micrograms,0.1,ml,See Product Monograph,ID,SP
7151000087100,IXIARO 6 micrograms per 0.5 milliliter suspension for injection Intercell AG (product),JE IXIARO IAG,EJ IXIARO IAG,20161031,Active,JE,EJ,IXIARO,IXIARO,IXIARO (JE),IXIARO (EJ),9,9,G,0,IXIARO (JE),JE Ixiaro IAG,IXIARO,0.5,ml,See Product Monograph,IM,IAG
7051000087101,Liquid PedvaxHIB suspension for injection Merck Canada Inc. (product),Hib Liquid PedvaxHIB MC,Hib PedvaxHIB liquide MC,20161031,Active,Hib,Hib,Liquid PedvaxHib®,Liquid PedvaxHib®,Liquid PedvaxHib® (Hib),Liquid PedvaxHib® (Hib),1,1,333680004,0,Liquid PedvaxHib® (Hib),Hib Liquid PedvaxHib MC,Liquid PedvaxHib®,0.5,ml,See Product Monograph,IM,MC
7161000087102,M-M-R II powder and diluent for solution for injection Merck Canada Inc. (product),MMR M-M-R II MC,RRO M-M-R II MC,20161031,Active,MMR,RRO,M-M-R® II,M-M-R® II,M-M-R® II (MMR),M-M-R® II (RRO),1,1,419550004,1,M-M-R® II (MMR),MMR M-M-R II MC,M-M-R® II,0.5,ml,See Product Monograph,SC,MC
7131000087109,Menactra solution for injection Sanofi Pasteur Inc. (product),Men-C-ACYW-135 Menactra SP,Men-C-ACYW-135 Menactra SP,20161031,Active,Men-C-ACYW-135,Men-C-ACYW-135,Menactra®,Menactra®,Menactra® (Men-C-ACYW-135),Menactra® (Men-C-ACYW-135),1,1,7121000087107,1,Menactra® (Men-C-ACYW-135),Men-C-ACYW-135 Menactra SP,Menactra®,0.5,ml,See Product Monograph,IM,SP
7061000087103,"Meningitec 10 micrograms suspension for injection Berna Biotech, AG (product)",Men-C-C Meningitec BB,Men-C-C Meningitec BB,20161031,Active,Men-C-C,Men-C-C,Meningitec®,Meningitec®,Meningitec® (Men-C-C),Meningitec® (Men-C-C),1,1,359068008,1,Meningitec®(Men-C-C),Men-C-C Meningitec BB,Meningitec®,0.5,ml,See Product Monograph,IM,BB
7071000087107,MENJUGATE 10 micrograms powder and diluent for suspension for injection Novartis Vaccines and Diagnostics S.r.l. (product),Men-C-C MENJUGATE NVD,Men-C-C MENJUGATE NVD,20161031,Active,Men-C-C,Men-C-C,MENJUGATE®,MENJUGATE®,MENJUGATE® (Men-C-C),MENJUGATE® (Men-C-C),1,1,359068008,1,MENJUGATE® (Men-C-C),Men-C-C Menjugate NVD,MENJUGATE®,0.5,ml,See Product Monograph,IM,NVD
7111000087104,MENOMUNE - A/C/Y/W-135 powder and diluent for solution for injection Sanofi Pasteur Inc. (product),Men-P-ACYW-135 MENOMUNE-A/C/Y/W-135 SP,Men-P-ACYW-135 MENOMUNE-A/C/Y/W-135 SP,20161031,Active,Men-P-ACYW-135,Men-P-ACYW-135,Menomune®-A/C/Y/W-135,Menomune®-A/C/Y/W-135,Menomune®-A/C/Y/W-135 (Men-P-ACYW-135),Menomune®-A/C/Y/W-135 (Men-P-ACYW-135),3,3,7101000087101,0,Menomune®-A/C/Y/W-135 (Men-P-ACYW-135),Men-P-ACYW-135 Menomune-A/C/Y/W-135 SP,Menomune®-A/C/Y/W-135,0.5,ml,See Product Monograph,SC,SP
7141000087103,Menveo powder and solution for injection Novartis Vaccines and Diagnostics Inc. (product),Men-C-ACYW-135 Menveo NVD,Men-C-ACYW-135 Menveo NVD,20161031,Active,Men-C-ACYW-135,Men-C-ACYW-135,Menveo®,Menveo®,Menveo® (Men-C-ACYW-135),Menveo® (Men-C-ACYW-135),1,1,7121000087107,1,Menveo® (Men-C-ACYW-135),Men-C-ACYW-135 Menveo NVD,Menveo®,0.5,ml,See Product Monograph,IM,NVD
7081000087109,NeisVac-C 10 micrograms per 0.5 milliliter suspension for injection GlaxoSmithKline Inc. (product),Men-C-C NeisVac-C GSK,Men-C-C NeisVac-C GSK,20161031,Active,Men-C-C,Men-C-C,NeisVac-C®,NeisVac-C®,NeisVac-C® (Men-C-C),NeisVac-C® (Men-C-C),1,1,359068008,1,NeisVac-C® (Men-C-C),Men-C-C NeisVac-C GSK,NeisVac-C®,0.5,ml,10mcg/0.5ml,IM,GSK
19351000087108,NIMENRIX powder and diluent for solution for injection GlaxoSmithKline Inc. (product),Men-C-ACYW-135 NIMENRIX GSK,Men-C-ACYW-135 NIMENRIX GSK,20161031,Active,Men-C-ACYW-135,Men-C-ACYW-135,Nimenrix®,Nimenrix®,Nimenrix® (Men-C-ACYW-135),Nimenrix® (Men-C-ACYW-135),1,1,7121000087107,1,Nimenrix® (Men-C-ACYW-135),Men-C-ACYW-135 Nimenrix GSK,Nimenrix®,0.5,ml,See Product Monograph,IM,GSK
20841000087101,PEDIARIX suspension for injection GlaxoSmithKline Inc. (product),DTaP-HB-IPV PEDIARIX GSK,DCaT-HB-VPI PEDIARIX GSK,20161031,Active,DTaP-HB-IPV,DCaT-HB-VPI,PEDIARIX®,PEDIARIX®,PEDIARIX® (DTaP-HB-IPV),PEDIARIX® (DCaT-HB-VPI),3,3,20641000087100,1,PEDIARIX® (DTaP-HB-IPV),DTaP-HB-IPV PEDIARIX GSK,PEDIARIX®,0.5,ml,See Product Monograph,IM,GSK
7521000087104,PEDIACEL suspension for injection Sanofi Pasteur Limited (product),DTaP-IPV-Hib PEDIACEL SP,DCaT-VPI-Hib PEDIACEL SP,20161031,Active,DTaP-IPV-Hib,DCaT-VPI-Hib,Pediacel®,Pediacel®,Pediacel® (DTaP-IPV-Hib),Pediacel® (DCaT-VPI-Hib),1,1,7931000087106,1,Pediacel® (DTaP-IPV-Hib),DTaP-IPV-Hib Pediacel SP,Pediacel®,0.5,ml,See Product Monograph,IM,SP
7511000087107,Pentacel powder and suspension for suspension for injection Sanofi Pasteur SA (product),DTaP-IPV-Hib Pentacel SP,DCaT-VPI-Hib Pentacel SP,20161031,Active,DTaP-IPV-Hib,DCaT-VPI-Hib,Pentacel®,Pentacel®,Pentacel® (DTaP-IPV-Hib),Pentacel® (DCaT-VPI-Hib),1,1,7931000087106,1,Pentacel® (DTaP-IPV-Hib),DTaP-IPV-Hib Pentacel SP,Pentacel®,0.5,ml,See Product Monograph,IM,SP
7631000087101,Pneumo 23 solution for injection Sanofi Pasteur SA (product),Pneu-P-23 Pneumo 23 SP,Pneu-P-23 Pneumo 23 SP,20161031,Active,Pneu-P-23,Pneu-P-23,Pneumo® 23,Pneumo® 23,Pneumo® 23 (Pneu-P-23),Pneumo® 23 (Pneu-P-23),3,3,7251000087108,0,Pneumo® 23 (Pneu-P-23),Pneu-P-23 Pneumo 23 SP,Pneumo® 23,0.5,ml,See Product Monograph,IM/SC,SP
7641000087107,Pneumovax 23 solution for injection Merck Canada Inc. (product),Pneu-P-23 Pneumovax 23 MC,Pneu-P-23 Pneumovax 23 MC,20161031,Active,Pneu-P-23,Pneu-P-23,Pneumovax® 23,Pneumovax® 23,Pneumovax® 23 (Pneu-P-23),Pneumovax® 23 (Pneu-P-23),3,3,7251000087108,0,Pneumovax® 23 (Pneu-P-23),Pneu-P-23 Pneumovax 23 MC,Pneumovax® 23,0.5,ml,See Product Monograph,IM/SC,MC
7681000087102,Prevnar 13 suspension for injection Pfizer Canada Inc. (product),Pneu-C-13 Prevnar 13 Pfiz,Pneu-C-13 Prevnar 13 Pfiz,20161031,Active,Pneu-C-13,Pneu-C-13,Prevnar® 13,Prevnar® 13,Prevnar® 13 (Pneu-C-13),Prevnar® 13 (Pneu-C-13),1,1,448964007,0,Prevnar® 13 (Pneu-C-13),Pneu-C-13 Prevnar 13 Pfiz,Prevnar® 13,0.5,ml,See Product Monograph,IM,Pfiz
7651000087105,Prevnar 16 micrograms per 0.5 milliliter suspension for injection Pfizer Inc. (product),Pneu-C-7 Prevnar Pfiz,Pneu-C-7 Prevnar Pfiz,20161031,Active,Pneu-C-7,Pneu-C-7,Prevnar®,Prevnar®,Prevnar® (Pneu-C-7),Prevnar® (Pneu-C-7),2,2,125714002,0,Prevnar® (Pneu-C-7),Pneu-C-7 Prevnar Pfiz,Prevnar®,0.5,ml,10 mcg / 0.5 ml,IM,Pfiz
7171000087106,PRIORIX powder and diluent for solution for injection GlaxoSmithKline Inc. (product),MMR PRIORIX GSK,RRO PRIORIX GSK,20161031,Active,MMR,RRO,Priorix®,Priorix®,Priorix® (MMR),Priorix® (RRO),1,1,61153008,1,Priorix® (MMR),MMR Priorix GSK,Priorix®,0.5,ml,See Product Monograph,SC/IM,GSK
7181000087108,PRIORIX-TETRA powder and solution for injection GlaxoSmithKline Inc. (product),MMR-Var PRIORIX-TETRA GSK,RRO-Var PRIORIX-TETRA GSK,20161031,Active,MMR-Var,RRO-Var,Priorix-Tetra®,Priorix-Tetra®,Priorix-Tetra® (MMR-Var),Priorix-Tetra® (RRO-Var),1,1,419550004,1,Priorix-Tetra® (MMR-Var),MMR-Var Priorix-Tetra GSK,Priorix-Tetra®,0.5,ml,See Product Monograph,SC/IM,GSK
19441000087102,ProQuad powder and diluent for solution for injection Merck Canada Inc. (product),MMR-Var ProQuad MC,RRO-Var ProQuad MC,20161031,Active,MMR-Var,RRO-Var,ProQuad®,ProQuad®,ProQuad® (MMR-Var),ProQuad® (RRO-Var),1,1,419550004,1,ProQuad® (MMR-Var),MMR-Var ProQuad MC,ProQuad®,0.5,ml,See Product Monograph,SC,MC
7471000087101,QUADRACEL suspension for injection Sanofi Pasteur Limited (product),DTaP-IPV QUADRACEL SP,DCaT-VPI QUADRACEL SP,20161031,Active,DTaP-IPV,DCaT-VPI,Quadracel®,Quadracel®,Quadracel® (DTaP-IPV),Quadracel® (DCaT-VPI),1,1,7881000087101,1,Quadracel® (DTaP-IPV),DTaP-IPV Quadracel SP,Quadracel®,0.5,ml,See Product Monograph,IM,SP
7391000087108,RabAvert 2.5 international units per milliliter powder for solution for injection Novartis Vaccines and Diagnostics Gmbh (product),Rab RabAvert NVD,Rage RabAvert NVD,20161031,Active,Rab,Rage,RabAvert®,RabAvert®,RabAvert® (Rab),RabAvert® (Rage),9,9,3526007,0,RabAvert® (Rab),Rab RabAvert NVD,RabAvert®,1,ml,≥ 2.5 IU of rabies antigen,IM,MC
6951000087100,RECOMBIVAX HB 10 micrograms per milliliter suspension for injection Merck Canada Inc. (product),HB RECOMBIVAX HB MC,HB RECOMBIVAX HB MC,20161031,Active,HB,HB,Recombivax HB®,Recombivax HB®,Recombivax HB® (HB),Recombivax HB® (HB),1,1,34689006,0,Recombivax HB® (HB),HB Recombivax HB MC,Recombivax HB®,1,ml,10 μg/1.0ml,IM,MC
6941000087103,RECOMBIVAX HB 40 micrograms per milliliter suspension for injection Merck Canada Inc. (product),HB RECOMBIVAX HB dialysis MC,HB RECOMBIVAX HB pour dialyse MC,20161031,Active,HB,HB,Recombivax HB® dialysis strength,Recombivax HB® dialysis strength,Recombivax HB® dialysis strength (HB),Recombivax HB® dialysis strength (HB),1,1,34689006,0,Recombivax HB® dialysis strength (HB),HB Recombivax HB dialysis MC,Recombivax HB® dialysis strength,1,ml,40 μg/1.0ml,IM,MC
6931000087109,RECOMBIVAX HB 5 micrograms per 0.5 milliliter suspension for injection Merck Canada Inc. (product),HB RECOMBIVAX HB pediatric MC,HB RECOMBIVAX HB pédiatrique MC,20161031,Active,HB,HB,Recombivax HB® pediatric,Recombivax HB® pediatric,Recombivax HB® pediatric (HB),Recombivax HB® pediatric (HB),1,1,34689006,0,Recombivax HB® pediatric (HB),HB Recombivax HB pediatric MC,Recombivax HB® pediatric,0.5,ml,5 μg/0.5ml,IM,MC
7201000087107,RotaTeq 115000000 units per 2 milliliter oral solution Merck Canada Inc. (product),Rota RotaTeq MC,Rota RotaTeq MC,20161031,Active,Rota-5,Rota-5,RotaTeq®,RotaTeq®,RotaTeq® (Rota-5),RotaTeq® (Rota-5),2,2,7821000087102,0,RotaTeq® (Rota-5),Rota-5 RotaTeq MC,RotaTeq®,2,ml,See Product Monograph,PO,MC
7191000087105,ROTARIX 1000000 units per milliliter oral suspension GlaxoSmithKline Inc. (product),Rota ROTARIX GSK,Rota ROTARIX GSK,20161031,Active,Rota-1,Rota-1,Rotarix®,Rotarix®,Rotarix® (Rota-1),Rotarix® (Rota-1),1,1,7811000087105,0,Rotarix® (Rota-1),Rota-1 Rotarix GSK,Rotarix®,1.5,ml,See Product Monograph,PO,GSK
7671000087104,SYNFLORIX 16 micrograms per 0.5 milliliter suspension for injection GlaxoSmithKline Inc. (product),Pneu-C-10 SYNFLORIX GSK,Pneu-C-10 SYNFLORIX GSK,20161031,Active,Pneu-C-10,Pneu-C-10,Synflorix®,Synflorix®,Synflorix® (Pneu-C-10),Synflorix® (Pneu-C-10),3,3,7661000087108,0,Synflorix® (Pneu-C-10),Pneu-C-10 Synflorix GSK,Synflorix®,0.5,ml,See Product Monograph,IM,GSK
7371000087109,Td Adsorbed 5 limit of flocculation units and 2 limit of flocculation units per 0.5 milliliter suspension for injection Sanofi Pasteur Limited (product),Td Adsorbed SP,dT Td adsorbées SP,20161031,Active,Td,dT,Td Adsorbed,Td Adsorbed,Td Adsorbed (Td),Td Adsorbed (dT),1,1,59999009,1,Td Adsorbed (Td),Td Adsorbed SP,Td Adsorbed,0.5,ml,See Product Monograph,IM,SP
7531000087102,Td Polio Adsorbed suspension for injection Sanofi Pasteur Limited (product),Td-IPV Td Polio Adsorbed SP,dT-VPI Td Polio adsorbées SP,20161031,Active,Td-IPV,dT-VPI,Td Polio Adsorbed,Td Polio Adsorbed,Td Polio Adsorbed (Td-IPV),Td Polio Adsorbed (dT-VPI),2,2,7911000087101,1,Td Polio Adsorbed (Td-IPV),Td-IPV Td Polio Adsorbed SP,Td Polio Adsorbed,0.5,ml,See Product Monograph,IM,SP
7421000087100,Tripacel Hybrid suspension for injection Sanofi Pasteur Limited (product),DTaP Tripacel Hybrid SP,DCaT Tripacel Hybrid SP,20161031,Active,DTaP,DCaT,Tripacel® Hybrid,Tripacel® Hybrid,Tripacel® Hybrid (DTaP),Tripacel® Hybrid (DCaT),2,2,7841000087106,1,Tripacel® Hybrid (DTaP),DTaP Tripacel Hybrid SP,Tripacel® Hybrid,0.5,ml,See Product Monograph,IM,SP
6961000087102,Twinrix 360 ELISA units HAV and 10 micrograms HBV per 0.5 milliliter suspension for injection GlaxoSmithKline Inc. (product),HAHB Twinrix Junior GSK,HAHB Twinrix Junior GSK,20161031,Active,HAHB,HAHB,Twinrix® Junior,Twinrix® Junior,Twinrix® Junior (HAHB),Twinrix® Junior (HAHB),2,2,333702001,0,Twinrix® Junior (HAHB),HAHB Twinrix Junior GSK,Twinrix® Junior,0.5,ml,See Product Monograph,IM,GSK
6971000087106,Twinrix 720 ELISA units HAV and 20 micrograms HBV per milliliter suspension for injection GlaxoSmithKline Inc. (product),HAHB Twinrix GSK,HAHB Twinrix GSK,20161031,Active,HAHB,HAHB,Twinrix®,Twinrix®,Twinrix® (HAHB),Twinrix® (HAHB),2,2,333702001,0,Twinrix® (HAHB),HAHB Twinrix GSK,Twinrix®,1,ml,See Product Monograph,IM,GSK
7301000087104,TYPHERIX 25 micrograms per 0.5 milliliter liquid for injection GlaxoSmithKline Inc. (product),Typh-I TYPHERIX GSK,Typh-I TYPHERIX GSK,20161031,Active,Typh-I,Typh-I,Typherix®,Typherix®,Typherix® (Typh-I),Typherix® (Typh-I),9,9,346639000,0,Typherix® (Typh-I),Typh-I Typherix GSK,Typherix®,0.5,ml,25mcg/0.5ml,IM,GSK
7311000087102,Typhim Vi 25 micrograms per 0.5 milliliter solution for injection Sanofi Pasteur SA (product),Typh-I Typhim Vi SP,Typh-I Typhim Vi SP,20161031,Active,Typh-I,Typh-I,Typhim Vi®,Typhim Vi®,Typhim Vi® (Typh-I),Typhim Vi® (Typh-I),9,9,346639000,0,Typhim Vi®(Typh-I),Typh-I Typhim Vi SP,Typhim Vi®,0.5,ml,25mcg/0.5ml,IM,SP
6891000087102,VAQTA 25 units per 0.5 milliliter suspension for injection Merck Canada Inc. (product),HA VAQTA pediatric MC,HA VAQTA pédiatrique MC,20161031,Active,HA,HA,Vaqta® pediatric,Vaqta® pediatric,Vaqta® pediatric (HA),Vaqta® pediatric (HA),1,1,14745005,0,Vaqta® pediatric (HA),HA Vaqta pediatric MC,Vaqta® pediatric,0.5,ml,25 units/0.5ml,IM,MC
6901000087101,VAQTA 50 units per milliliter suspension for injection Merck Canada Inc. (product),HA VAQTA MC,HA VAQTA MC,20161031,Active,HA,HA,Vaqta®,Vaqta®,Vaqta® (HA),Vaqta® (HA),1,1,14745005,0,Vaqta® (HA),HA Vaqta MC,Vaqta®,1,ml,50 units/1.0ml,IM,MC
7231000087104,VARILRIX 3300000 plaque forming units per 0.5 milliliter powder and diluent for solution for injection GlaxoSmithKline Inc. (product),Var VARILRIX GSK,Var VARILRIX GSK,20161031,Active,Var,Var,Varilrix®,Varilrix®,Varilrix® (Var),Varilrix® (Var),1,1,108729007,1,Varilrix® (Var),Var Varilrix GSK,Varilrix®,0.5,ml,> 3300000 PFU/0.5ml,SC,GSK
7241000087105,VARIVAX III 1350 plaque forming units powder and diluent for solution for injection Merck Canada Inc. (product),Var VARIVAX III MC,Var VARIVAX III MC,20161031,Active,Var,Var,Varivax® III,Varivax® III,Varivax® III (Var),Varivax® III (Var),1,1,108729007,1,Varivax® III (Var),Var Varivax III MC,Varivax® III,0.5,ml,See Product Monograph,SC,MC
7561000087109,Vaxigrip 15 micrograms per 0.5 milliliter suspension for injection Sanofi Pasteur SA (product),Inf Vaxigrip SP,Inf Vaxigrip SP,20161031,Active,Inf,Inf,Vaxigrip®,Vaxigrip®,Vaxigrip® (Inf),Vaxigrip® (Inf),0,0,46233009,0,Vaxigrip® (Inf),Inf Vaxigrip SP,Vaxigrip®,0.5,ml,See Product Monograph,IM,SP
7331000087107,ViVAXIM 160 antigen units and 25 micrograms suspension for injection Sanofi Pasteur SA (product),HA-Typh-I ViVAXIM SP,HA-Typh-I ViVAXIM SP,20161031,Active,HA-Typh-I,HA-Typh-I,Vivaxim®,Vivaxim®,Vivaxim® (HA-Typh-I),Vivaxim® (HA-Typh-I),3,3,333707007,0,Vivaxim® (HA-Typh-I),HA-Typh-I Vivaxim SP,Vivaxim®,1,ml,See Product Monograph,IM,SP
7321000087105,Vivotif 10 billion units enteric coated capsule Crucell Switzerland LTD (product),Typh-O Vivotif CS,Typh-O Vivotif CS,20161031,Active,Typh-O,Typh-O,Vivotif®,Vivotif®,Vivotif® (Typh-O),Vivotif® (Typh-O),9,9,346696005,0,Vivotif® (Typh-O),Typh-O Vivotif CS,Vivotif®,1,capsule,See Product Monograph,capsule,CS
19291000087108,"Xanaflu 15 micrograms per 0.5 milliliter suspension for injection Drug Safety, Abbott Laboratories, Limited (product)",Inf Xanaflu API,Inf Xanaflu API,20161031,Active,Inf,Inf,Xanaflu®,Xanaflu®,Xanaflu® (Inf),Xanaflu® (Inf),0,0,46233009,0,Xanaflu® (Inf),Inf Xanaflu API,Xanaflu®,0.5,ml,See Product Monograph,IM/SC,API
7221000087101,YF-VAX 109648 plaque forming units per 0.5 milliliter powder and diluent for suspension for injection Sanofi Pasteur Limited (product),YF-VAX SP,FJ YF-VAX SP,20161031,Active,YF,FJ,YF-Vax®,YF-Vax®,YF-Vax® (YF),YF-Vax® (FJ),9,9,56844000,0,YF-Vax® (YF),YF-Vax SP,YF-Vax®,0.5,ml,See Product Monograph,SC,SP
7411000087108,ZOSTAVAX 19400 plaque forming units per 0.65 milliliter powder and diluent for suspension for injection Merck Canada Inc. (product),Zos ZOSTAVAX MC,Zona ZOSTAVAX MC,20161031,Active,Zos,Zos,Zostavax®,Zostavax®,Zostavax® (Zos),Zostavax® (Zos),9,9,407737004,0,Zostavax® (Zos),Zos Zostavax MC,Zostavax®,0.65,ml,See Product Monograph,SC,MC
19321000087101,ZOSTAVAX II 19400 plaque forming units per 0.65 milliliter powder and diluent for suspension for injection Merck Canada Inc. (product),Zos ZOSTAVAX II MC,Zona ZOSTAVAX II MC,20161031,Active,Zos,Zos,Zostavax® II,Zostavax® II,Zostavax® II (Zos),Zostavax® II (Zos),9,9,407737004,0,Zostavax® II (Zos),Zos Zostavax II MC,Zostavax® II,0.65,ml,See Product Monograph,SC,MC
21671000087103,BEXSERO suspension for injection GlaxoSmithKline Inc. (product),Men-B BEXSERO GSK,Men-B BEXSERO GSK,20161031,Active,Men-B,Men-B,BEXSERO®,BEXSERO®,BEXSERO® (Men-B),BEXSERO® (Men-B),2,2,19461000087101,0,BEXSERO® (Men B),Men-B BEXSERO GSK,BEXSERO®,0.5,ml,See Product Monograph,IM,GSK
21931000087105,FLUZONE High-Dose 60 micrograms per 0.5 milliliter suspension for injection Sanofi Pasteur Inc. (product),Inf FLUZONE High-Dose SP,Inf FLUZONE haute dose SP,20161031,Active,Inf,Inf,FLUZONE® High-Dose,FLUZONE® High-Dose,FLUZONE® High-Dose (Inf),FLUZONE® High-Dose (Inf),1,1,46233009,0,FLUZONE High-Dose (Inf),Inf FLUZONE High-Dose SP,FLUZONE High-Dose,0.5,ml,See Product Monograph,IM,SP
22681000087109,INFLUVAC 15 micrograms per 0.5 milliliter suspension for injection BGP Pharma ULC (product),Inf INFLUVAC BGP,Inf INFLUVAC BGP,20171031,Active,Inf,Inf,Influvac®,Influvac®,Influvac® (Inf),Influvac® (Inf),0,0,46233009,0,INFLUVAC® (Inf),Inf INFLUVAC BGP,INFLUVAC,0.5,ml,See Product Monograph,IM/SC,BGP
21771000087109,IXIARO 6 micrograms per 0.5 milliliter suspension for injection Valneva Austria GmbH (product),JE IXIARO VAL,EJ IXIARO VAL,20161031,Active,JE,EJ,IXIARO,IXIARO,IXIARO (JE),IXIARO (EJ),9,9,333697005,0,IXIARO (JE),JE IXIARO VAL,IXIARO,0.5,ml,See Product Monograph,IM,VAL
22691000087106,KINRIX suspension for injection GlaxoSmithKline Biologicals (product),DTaP-IPV KINRIX GSK,DCaT-VPI KINRIX GSK,20171031,Active,DTaP-IPV,DCaT-VPI,KINRIX®,KINRIX®,KINRIX® (DTaP-IPV),KINRIX® (DCaT-VPI),9,9,7881000087101,1,KINRIX® (DTaP-IPV),DTaP-IPV KINRIX GSK,KINRIX,0.5,ml,See Product Monograph,IM,GSK
21701000087104,MENJUGATE 10 micrograms powder and diluent for suspension for injection GlaxoSmithKline Inc. (product),Men-C-C MENJUGATE GSK,Men-C-C MENJUGATE GSK,20161031,Active,Men-C-C,Men-C-C,MENJUGATE®,MENJUGATE®,MENJUGATE® (Men-C-C),MENJUGATE® (Men-C-C),1,1,359068008,1,MENJUGATE® (Men-C-C),Men-C-C MENJUGATE GSK,MENJUGATE®,0.5,ml,See Product Monograph,IM,GSK
21691000087104,MENJUGATE Liquid 10 micrograms suspension for injection GlaxoSmithKline Inc. (product),Men-C-C MENJUGATE Liquid GSK,Men-C-C MENJUGATE liquide GSK,20161031,Active,Men-C-C,Men-C-C,MENJUGATE® Liquid,MENJUGATE® Liquid,MENJUGATE® Liquid(Men-C-C),MENJUGATE® liquid (Men-C-C),1,1,359068008,1,MENJUGATE® Liquid (Men-C-C),Men-C-C MENJUGATE Liquid GSK,MENJUGATE® Liquid,0.5,ml,See Product Monograph,IM,GSK
21681000087101,Menveo powder and solution for injection GlaxoSmithKline Inc. (product),Men-C-ACYW-135 Menveo GSK,Men-C-ACYW-135 Menveo GSK,20161031,Active,Men-C-ACYW-135,Men-C-ACYW-135,Menveo®,Menveo®,Menveo® (Men-C-ACYW-135),Menveo® (Men-C-ACYW-135),1,1,7121000087107,1,Menveo® (Men-C-ACYW-135),Men-C-ACYW135 Menveo GSK,Menveo®,0.5,ml,See Product Monograph,IM,GSK
21781000087106,NIMENRIX powder and diluent for solution for injection Pfizer Canada Inc. (product),Men-C-ACYW-135 NIMENRIX Pfiz,Men-C-ACYW-135 NIMENRIX Pfiz,20161031,Active,Men-C-ACYW-135,Men-C-ACYW-135,Nimenrix®,Nimenrix®,Nimenrix® (Men-C-ACYW-135),Nimenrix® (Men-C-ACYW-135),1,1,7121000087107,1,Nimenrix® (Men-C-ACYW-135),Men-C-ACYW-135 NIMENRIX Pfiz,Nimenrix®,0.5,ml,See Product Monograph,IM,Pfiz
22181000087103,PENTAVAC PFS 0.5 milliliter suspension for injection Serum Institute of India LTD (product),DPT-HB-Hib PENTAVAC PFS SII,DCT-HB-Hib PENTAVAC PFS SII,20170430,Active,DPT-HB-Hib,DCT-HB-Hib,PENTAVAC®,PENTAVAC®,PENTAVAC® (DPT-HB-Hib),PENTAVAC® (DCT-HB-Hib),9,9,20591000087106,1,PENTAVAC® (DPT-HB-Hib),DPT-HB-Hib PENTAVAC PFS SII,PENTAVAC,0.5,ml,See Product Monograph,IM,PFS SII (Serum Institute of India LTD )
21711000087102,RabAvert 2.5 international units per milliliter powder for solution for injection GlaxoSmithKline Inc. (product),Rab RabAvert GSK,Rage RabAvert GSK,20161031,Active,Rab,Rage,RabAvert®,RabAvert®,RabAvert® (Rab),RabAvert® (Rage),9,9,3526007,0,RabAvert® (Rab),Rab RabAvert GSK,RabAvert®,1,ml,See Product Monograph,IM,GSK
23011000087103,SHINGRIX 50 micrograms per 0.5 milliliter powder and suspension for suspension for injection GlaxoSmithKline Inc. (product),Zos SHINGRIX GSK,Zona SHINGRIX GSK,20180430,Active,Zos,Zos,SHINGRIX,SHINGRIX,SHINGRIX (Zos),SHINGRIX (Zos),1,1,407737004,0,SHINGRIX (Zos),Zos SHINGRIX GSK,SHINGRIX,0.5,ml,See Product Monograph,IM,GSK
23031000087108,Trumenba suspension for injection Pfizer Canada Inc. (product),Men-B Trumenba Pfiz,Men-B Trumenba Pfiz,20180430,Active,Men-B,Men-B,Trumenba®,Trumenba®,Trumenba® (Men-B),Trumenba® (Men-B),2,2,19461000087101,0,Trumenba (Men B),Men B Trumenba Pfiz,Trumenba®,0.5,ml,See Product Monograph,IM,Pfiz
9841000087102,Arepanrix 3.75 micrograms per 0.5 milliliter suspension and emulsion for injection GlaxoSmithKline Inc (product),Inf Arepanrix GSK,Inf Arepanrix
GSK,20161031,Active,Inf,Inf,Arepanrix™,Arepanrix™,Arepanrix™ (Inf),Arepanrix™ (Inf),0,0,46233009,0,Arepanrix™ (Inf),Inf Arepanrix GSK,Arepanrix,0.5,ml,See Product Monograph,IM,GSK
9821000087106,JE-VAX 50 nanograms per milliliter suspension for injection The Research Foundation for Microbial Diseases of Osaka University (product),JE JE-VAX Bik,EJ JE-VAX
Bik,20161031,Active,JE,EJ,JE-VAX®,JE-VAX®,JE-VAX® (JE),JE-VAX® (EJ),9,9,333697005,0,JE-VAX® (JE),JE JE-VAX Bik,JE-VAX®,1.0,ml,See Product Monograph,SC,Bik
20851000087103,MENHIBRIX solution for injection GlaxoSmithKline Biologicals (product),Men-C-CY-Hib MENHIBRIX GSK,Men-C-CY-Hib MENHIBRIX GSK,20161031,Active,Men-C-CY-Hib,Men-C-CY-Hib,MENHIBRIX®,MENHIBRIX®,MENHIBRIX® (Men-C-CY-Hib),MENHIBRIX® (Men-C-CY-Hib),9,9,20681000087105,1,MENHIBRIX® (Men-C-CY-Hib),Men-C-CY-Hib MENHIBRIX GSK,MENHIBRIX®,0.5,ml,See Product Monograph,IM,GSK
22971000087103,AGRIFLU 15 micrograms per 0.5 milliliter suspension for injection Seqirus UK Limited (product),Inf AGRIFLU SEQ,Inf AGRIFLU SEQ,20180430,Active,Inf,Inf,AGRIFLU®,AGRIFLU®,AGRIFLU® (Inf),AGRIFLU® (Inf),9,9,46233009,0,AGRIFLU® (Inf),Inf AGRIFLU SEQ,AGRIFLU®,0.5,ml,See Product Monograph,IM,SEQ
22981000087101,FLUAD 15 micrograms per 0.5 milliliter suspension for injection Seqirus UK Limited (product),Inf FLUAD SEQ,Inf FLUAD SEQ,20180430,Active,Inf,Inf,FLUAD®,FLUAD®,FLUAD® (Inf),FLUAD® (Inf),9,9,46233009,0,FLUAD® (Inf),Inf FLUAD SEQ,FLUAD®,0.5,ml,See Product Monograph,IM,SEQ
23711000087101,ACTacel powder and diluent for solution for injection Sanofi Pasteur Limited (product) ,DTaP-Hib ACTacel SP,DCaT-Hib ACTacel SP,20181031,Active,DTaP-Hib,DCaT-Hib,ACTacel®,ACTacel®,ACTacel® (DTaP-Hib),ACTacel® (DCaT-Hib),9,9,23701000087103,1,ACTacel® (DTaP-Hib) ,DCaT-Hib ACTacel SP,ACTacel®,0.5,ml,See Product Monograph,IM,SP
23691000087103,Tritanrix suspension for injection GlaxoSmithKline Biologicals (product) ,DTwP-HB Tritanrix GSK,DTCPT-HB Tritanrix GSK,20181031,Active,DTwP-HB,DTCPT-HB ,Tritanrix®,Tritanrix®,Tritanrix® (DTwP-HB),Tritanrix® (DTCPT-HB),9,9,23681000087100,1,Tritanrix® (DTwP-HB),DTwP-HB Tritanrix GSK,Tritanrix®,0.5,ml,See Product Monograph,IM,GSK
23721000087109,DTaP-IPV TETRAVAC-ACELLULAIRE suspension for injection Sanofi Pasteur (product),DTaP-IPV TETRAVAC-ACELLULAIRE SP,DCaT-VPI  TETRAVAC-ACELLULAIRE SP,20181031,Active,DTaP-IPV,DCaT-VPI,TETRAVAC-ACELLULAIRE®,TETRAVAC-ACELLULAIRE®,TETRAVAC-ACELLULAIRE® (DTaP-IPV),TETRAVAC-ACELLULAIRE® (DCaT-VPI),9,9,7881000087101,1,TETRAVAC-ACELLULAIRE® (DTaP-IPV),DTaP-IPV TETRAVAC-ACELLULAIRE SP,TETRAVAC-ACELLULAIRE®,0.5,ml,See Product Monograph,IM,SP
23771000087108,COMVAX 7.5 micrograms and 5 micrograms per 0.5 milliliter suspension for injection Merck & Co. Inc. ,Hib-HB COMVAX MC,Hib-HB COMVAX MC,20181031,Active,Hib-HB,Hib-HB,COMVAX®,COMVAX®,COMVAX® (Hib-HB),COMVAX® (Hib-HB),9,9,426971004,1,COMVAX® (Hib-HB),Hib-HB COMVAX MC,COMVAX®,0.5,ml,See Product Monograph,IM,MC
